TOPIC,NAME_EN,ANSWER_ID,NAME_ES,DEFINITION_ES
Auto loans,Actual Cash Value (ACV),721,Valor actual,  
Auto loans,Amortization,771,Amortización,"Amortización significa pagar un préstamo con pagos regulares, de tal manera que la cantidad que usted debe, disminuye con cada pago. Amortización negativa significa que, incluso cuando usted paga regularmente, la cantidad que usted debe sigue subiendo porque no está pagando lo suficiente para cubrir los intereses."
Auto loans,Annual Percentage Rate (APR),,Tasa efectiva annual,"La Tasa Efectiva Anual (APR, por sus siglas en inglés) es el precio, incluyendo cualquier tarifa, que usted paga cada año por pedir dinero prestado, expresado en un porcentaje. La APR es una medida más amplia del costo de tomar dinero prestado, ya que refleja no sólo la tasa de interés, sino también los cargos que usted tiene que pagar para obtener el préstamo. Cuanto mayor sea la APR, más tendrá que pagar durante el plazo del préstamo.$$$$$$$$$$La tasa de interés y la APR del préstamo vehicular son dos de las medidas más importantes del precio que usted paga por pedir prestado el dinero. La Ley de Veracidad en Préstamos (TILA, por sus siglas en inglés) exige que los prestamistas le hagan divulgaciones específicas sobre ciertos términos importantes, (inclusive la APR), antes de que usted quede legalmente obligado por el préstamo. Debido a que todos los prestamistas deben proporcionar la APR, usted puede usar la APR para comparar préstamos vehiculares. Sólo asegúrese de que está comparando una APR con una APR y no con las tasas de interés.  Los dos términos no son lo mismo."
Auto loans,Assignee,743,Cesionario,"Un cesionario es una persona o una empresa que compra el préstamo de su vehículo. Por ejemplo, el concesionario de autos que le dio el crédito puede vender su préstamo a un banco, en cuyo caso el banco se convierte en el cesionario. Usted debe el dinero a quien compre su préstamo. El cesionario tiene un gravamen sobre su vehículo y puede embargarlo si usted incumple o deja de hacer los pagos de su préstamo."
Auto loans,Base price,723,Precio base,  
Auto loans,Buy rate,727,Tasa de compra,  
Auto loans,Co-signer,745,Cofirmante,$$$$$$$$$$Un cofirmante es otra persona que también asume la responsabilidad de pagar el préstamo.$$$$$$$$$$
Auto loans,Credit insurance,799,Seguro de crédito,"El seguro de crédito es un seguro opcional que hace sus pagos vehiculares a su prestamista bajo determinadas situaciones, como en el caso de su muerte o si se queda discapacitado. Cuando usted solicita un préstamo vehicular, es posible que le pregunten si desea comprar el seguro de crédito."
Auto loans,Debt cancellation or suspension products,803,Productos de cancelación o suspensión de deuda,  
Auto loans,Deficiency balance,,Saldo deficiente,"Si su vehículo es embargado y vendido, usted podría ser responsable de pagar la diferencia entre, el saldo restante en su préstamo (además de las tarifas por embargo), y el precio de venta. Esto se conoce como el “saldo deficiente”."
Auto loans,Down payment,773,Pago o cuota inicial,  
Auto loans,Extended warranty or vehicle service contract,729,Garantía extendida o contrato de servicios para vehículo,  
Auto loans,Finance and insurance department,747,Departamento de Finanzas y Seguros,  
Auto loans,Fixed-rate financing,,Financiamiento a tasa fija,"Financiamiento con tasa fija significa que el interés de su préstamo no cambiará durante el plazo del mismo. Con una tasa fija, usted puede saber cuál es su pago cada mes, y el total que pagará en el plazo del préstamo. Puede que prefiera un financiamiento con tasa fija si es que está buscando tener una mensualidad que no cambiará. El financiamiento con tasa fija es uno de los tipos de financiamientos disponibles, el otro es el de tasa variable."
Auto loans,Force-placed insurance,827,Seguro forzado,"El administrador de su hipoteca podría exigirle tener “forcé-placed insurance” o seguro forzoso de propietario de vivienda, si usted no cuenta con su propia póliza de seguro, o si la póliza que tiene no cumple con los requisitos del administrador. El seguro forzoso, usualmente, protege al prestamista y no a usted. El administrador le cobrará por el seguro. Tener un seguro forzoso siempre será más costoso que encontrar una póliza de seguro propia."
Auto loans,Guaranteed Auto Protection (GAP) insurance,797,Seguro de Protección de Bienes Financiados (GAP insurance),"Le pueden ofrecer el seguro GAP cuando usted compra un vehículo. El seguro GAP cubre la diferencia (gap quiere decir ""brecha"") entre la cantidad que usted debe en su préstamo vehicular, y lo que su seguro pagaría si le roban el vehículo, si éste se daña, o queda totalmente destruido."
Auto loans,Interest rate,,Tasa de interés,"La tasa de interés de un préstamo para automóvil es el costo que usted paga cada año por pedir dinero prestado, expresado en un porcentaje. La tasa de interés no incluye ninguna tarifa cobrada por el préstamo.$$$$$$$$$$La APR (Annual Percentage Rate o Tasa Efectiva Anual) y la tasa de interés de un préstamo para vehículo, son dos de los índices más importantes para medir el precio que usted paga por tomar dinero prestado. La Ley federal de Veracidad en Préstamos (TILA, por sus siglas en inglés) le exige a los prestamistas que le notifiquen algunos términos importantes como la APR, antes que usted se comprometa legalmente con el préstamo. Dado que todos los prestamistas deben revelarle la APR, usted puede usarla para comparar los diferentes préstamos. Solamente asegúrese de estar comparando APR y no tasas de interés."
Auto loans,Loan term or duration,,Plazo del préstamo,"Este es el plazo de su préstamo de vehículo, generalmente se expresa en meses. Un plazo más corto (durante el cual usted paga mensualidades por menos meses) reducirá el costo total del préstamo. Un préstamo más largo puede reducir sus mensualidades, pero pagará más intereses a lo largo del plazo del mismo. Un préstamo largo también lo pone en riesgo de caer en plusvalía negativa que ocurre cuando usted debe más de lo que vale el vehículo."
Auto loans,Loan-to-value ratio,769,ïndice préstamo - valor ,  
Auto loans,Mandatory binding arbitration,739,Arbitraje obligatorio,  
Auto loans,Manufacturer incentives,783,Incentivos al fabricante,  
Auto loans,Manufacturer Suggested Retail Price (MSRP),725,Precio sugerido de venta al público sugerido por el fabricante,  
Auto loans,Negative equity,749,Plusvalía negativa,"Si usted debe más en el préstamo de su vehículo de lo que vale dicho vehículo, conocido como estar ""upside down” o al revés con el préstamo, usted entonces tiene plusvalía negativa. En otras palabras, si usted trata de vender su vehículo, no podrá conseguir que le paguen más de lo que debe."
Auto loans,"No credit check or ""buy here, pay here"" auto loan",887,"Préstamos para vehículos sin verificación de crédito o ""compre aquí, pague aquí""",  
Auto loans,Principal,,Capital,"El capital es el monto de dinero que usted, originalmente, aceptó pagar.$$$$$$$$$$Generalmente, cualquier pago hecho a un préstamo de automóvil, será primero aplicado sobre cualquier tarifa que esté vencida (por ejemplo, tarifas por mora). Luego, el resto de su pago será aplicado sobre los intereses, incluyendo, de existir, aquellos que estén vencidos. Lo que quede de dinero en su pago, será aplicado contra el capital de su préstamo. "
Auto loans,Risk-based pricing,767,Precio en base al riesgo,  
Auto loans,Total cost,,Costo total,"Es el monto que pagará por su vehículo durante el plazo del préstamo, incluyendo el capital, los intereses, y cualquier cuota inicial o valor de intercambio."
Auto loans,Truth in Lending disclosure,787,Declaración de Veracidad en Préstamos,  
Auto loans,Variable-rate financing,,Financiamiento con tasa variable,"Tener un financiamiento con tasa variable, significa que la tasa de interés de su préstamo puede cambiar pues está basada en la “tasa prime” o referencial, o en cualquier otra tasa definida como “index” o índice. Cuando se tiene un préstamo variable, la tasa de interés del mismo cambiará cada vez que el índice cambie, lo que significa que podría bien subir, o bajar. Dado que la tasa de interés puede subir, igualmente lo puede el monto de su pago mensual. Mientras más largo sea el préstamo variable, más riesgoso puede ser para el prestatario, pues habrán más chances de que la tasa se incremente.  El financiamiento de tasa variable es uno de los tipos de financiamiento que existen, el otro es el de tasa fija."
Auto loans,Vendor's Single Interest (VSI) insurance ,731,Seguro de interés único del vendedor,  
Bank accounts,Automated Clearing House (ACH) ,,Cámara de compensación automática,"Una autorización de la Cámara de Compensación Automatizada (ACH, por sus siglas en inglés) es una autorización de pago que le da al prestamista permiso de tomar dinero electrónicamente de su cuenta de banco, cooperativa de crédito o tarjeta prepagada cuando venza el pago. Usted puede revocar esta autorización."
Bank accounts,Automatic debit payment,,Pago con débito automático,"Al establecer débitos automáticos, usted le da permiso a una compañía para cobrar directamente de su cuenta bancaria. Estos son diferentes de la función de pago de facturas, ofrecida por su banco. Al usar esta función, usted le da permiso a su banco para enviar sus pagos a una compañía."
Bank accounts,Certficate of depost (CD),917,Certificado de depósito,  
Bank accounts,Certficate of depost (CD) rollover,923,Renovación de certificado de depósito,  
Bank accounts,Demand draft ,1067,Giro a la vista,  
Bank accounts,Deposit hold,1023,Retención de depósito,"Cada banco o cooperativa de crédito tiene sus propias reglas acerca de cuándo le permitirá a usted acceder al dinero después de depositar un cheque, pero la ley federal establece el tiempo máximo que un banco o cooperativa de crédito puede hacerle esperar."
Bank accounts,Fiduciary,1769,Fiduciario,"Un fiduciario es una persona que administra el dinero o los bienes de otra persona. Si usted es designado como fiduciario, usted está obligado por ley, a administrar el dinero y los bienes de la persona para el beneficio de esa persona y no para el suyo propio."
Bank accounts,Guardian of property,1773,Guardián de la propiedad,  
Bank accounts,Individual taxpayer identification number (ITIN),,Número individual de identificación del contribuyente,"El ITIN, “Individual taxpayer identification number” o número individual de identificación del contribuyente, es un número de identificación que le otorga el Servicio de Rentas Internas (IRS, por sus siglas en inglés). El ITIN solamente está disponible para ciertos individuos extranjeros, residentes y no residentes, sus cónyuges y dependientes, que no pueden obtener un Número de Seguro Social. "
Bank accounts,Joint account,,Cuenta conjunta,"Si le gustaría autorizar a algún familiar o amigo a escribir cheques y hacer depósitos en su nombre, debería considerar abrir una cuenta conjunta. Generalmente, cualquier persona, cuyo nombre esté en una cuenta conjunta, puede escribir cheques, hacer depósitos, retiros, transacciones, mover fondos, o cerrar la cuenta. Si alguno de los cuentahabientes debe dinero, el acreedor puede intentar cobrarla del dinero que esté en la cuenta conjunta."
Bank accounts,Money market account,915,Cuenta del mercado monetario,  
Bank accounts,Non-sufficient funds (NSF) fees,,Penalidad por fondos insuficientes,"Una tarifa por “non-suficient funds”, NSF, o fondos insuficientes, puede cobrarse su cheque o autorización automática no es pagado a consecuencia de la falta de fondos en su cuenta. Esto es referido frecuentemente como “returned check” o “bounced check”, cheque devuelto o rebotado."
Bank accounts,Overdraft,1035,Sobregiro,Un sobregiro sucede cuando usted no tiene suficiente dinero en su cuenta para cubrir una transacción y el banco la paga de todos modos.
Bank accounts,Personal line of credit,901,Línea de crédito personal,"Una línea de crédito personal es un préstamo que puede utilizar de vez en cuando. Podrá escribir cheques especiales, o solicitar una transferencia a su cuenta corriente, por teléfono o en línea."
Bank accounts,Power of attorney,1149,Poder legal,"Un “Power of Attorney” (POA por sus siglas en inglés) o poder legal, es un documento legal que le permite a otra persona actuar en su nombre."
Bank accounts,Representative payee,,Representante del beneficiario,"La Social Security Administration (SSA) o Administración del Seguro Social, designa a alguien para que sea el representante de una persona que necesite ayuda manejando sus pagos de beneficios del Seguro Social o de Ingresos Suplementales de Seguridad. Un representante de beneficiario solamente puede manejar los cheques de beneficios emitidos por la SSA. Si la persona que recibe los beneficios tiene otros fondos o propiedades que no pueda manejar, el representante deberá contar con autorización legal de otra fuente, para poder manejarlos. Por ejemplo, un representante de beneficiario también puede ser designado por un tribunal como guardián de una propiedad. Al ser representante de un beneficiario del Seguro Social, usted se convierte en un fiduciario. $$$$$$$$$$Para obtener más información sobre los representantes de beneficiarios, lea nuestra guía sobre la administración del dinero de otro."
Bank accounts,Revocable living trust,1775,Fideicomiso en vida revocable,  
Bank accounts,Social Securty representative payee,1779,Representante de beneficiario del Seguro Social,  
Bank accounts,VA fiduciary,1781,Fiduciario del VA (Veterans affairs),  
Credit cards,Credit balance,42,Saldo a favor,  
Credit cards,Credit card interest rate,44,Tasa de interés de tarjeta de crédito,  
Credit cards,Daily periodic rate,46,Tasa periódica diaria,  
Credit cards,Grace period,47,Período de gracia,  
Credit cards,Prescreened credit card offer,1,Oferta de tarjeta de crédito preseleccionada,  
Credit cards,Unauthorized use  ,26,Uso no autorizado,  
Credit reports and scores,Credit inquiry,1317,Indagación de crédito,  
Credit reports and scores,Credit invisible,,Invisible al crédito,"En 2015 publicamos un reporte en el que mostramos como 26 millones de ciudadanos son “credit invisible” o invisibles al crédito. Este número indica que uno de cada diez adultos, no tiene historial de crédito con una de las tres compañías nacionales de informes de crédito. Otros 19 millones de consumidores tienen expedientes de crédito que son “unscorable” o imposibles de puntuar, lo que significa que sus expedientes son cortos y no tienen suficiente historial crediticio (9.9 millones), o son caducos y carecen de historial crediticio reciente (9.6 millones). En resumen, existen 45 millones de consumidores a quienes podrían negarles crédito porque no tienen un historial crediticio que pueda ser puntuado. La gente que es invisible al crédito o no puntuable, generalmente, no tiene acceso a créditos de calidad y pudiera enfrentar muchos problemas cuando quieran, bien sacar un crédito, o rentar un departamento."
Credit reports and scores,Credit monitoring service,1365,Servicio de monitoreo de crédito,  
Credit reports and scores,Credit report ,309,Informe de crédito,"Un informe de crédito es una declaración que tiene información acerca de su actividad crediticia y de su situación actual de crédito, como el historial de pago de sus préstamos y el estado de sus cuentas de crédito."
Credit reports and scores,Credit reporting company,,Compañía de informes de crédito,"Las compañías de informes de crédito, también conocidas como burós de crédito o agencias de reportes sobre el consumidor, son compañías que compilan y venden informes de crédito."
Credit reports and scores,Credit score,315,Puntaje de crédito,Un puntaje de crédito predice las probabilidades de que usted pague un préstamo a tiempo. Un modelo de puntuación utiliza la información de su informe de crédito para crear un puntaje de crédito.
Credit reports and scores,Fair Credit Reporting Act,,Ley de Informes de Crédito Justos,"La “federal Fair Credit Reporting Act” (FCRA) o Ley Federal de Informes de Crédito Justos promueve la precisión, la justicia y la privacidad de la información en los archivos de las agencias de informes del consumidor. Existen muchos tipos de agencias de informes del consumidor, incluyendo los burós de crédito y las agencias especializadas (como aquellas que venden información acerca del uso de cheques, récords médicos o de alquileres). Sepa más sobre cuáles son sus derechos bajo la FCRA."
Credit reports and scores,FICO score,1883,Puntaje FICO,  
Credit reports and scores,Fraud alert,,Alerta de fraude,"Una alerta de fraude obliga a aquellos acreedores que revisen su informe de crédito a tomar medidas adicionales para verificar su identidad, antes de abrir una cuenta nueva, enviar una tarjeta adicional, o aumentar el límite de alguna cuenta ya existente, basándose en una solicitud hecha por un consumidor. Cuando usted coloca una alerta de fraude en su informe de crédito, con alguna de las tres empresas nacionales de informes, ésta debe notificar a las otras dos. Existen dos tipos principales de alertas de fraude: la inicial y la extendida."
Credit reports and scores,Identity monitoring or identity theft proection,1369,Protección contra el robo de identidad,  
Credit reports and scores,Identity theft,,Robo de identidad,"El robo de identidad ocurre cuando alguien roba su información personal para cometer fraude. Robar su identidad puede significar, utilizar sin su permiso, información personal como:$$$$$$$$$$Su nombre$$$$$Su número de seguro social$$$$$El número de su tarjeta de crédito"
Credit reports and scores,Military active duty alert,,Alerta de servicio militar activo,"Los miembros de las Fuerzas Armadas (tales como Marines, Armada, Fuerza Aérea o Guardia Costera) pueden solicitar la colocación de una alerta de servicio activo. Cuando usted coloca una alerta de servicio activo en su informe de crédito, los acreedores deberán tomar pasos razonables, para asegurarse de que cualquier solicitud venga de hecho de usted, antes de abrir una cuenta, emitir una tarjeta de crédito adicional, o aumentar el límite de alguna cuenta existente. Las alertas de servicio activo duran 12 meses. Su nombre también será removido, por un período de dos años, de todas las listas de mercadeo de ofertas de crédito preaprobadas, de las compañías nacionales de informes de crédito. "
Credit reports and scores,Paid collection,1383,Cobranza pagada,  
Credit reports and scores,Security freeze,,Congelamiento de seguridad,"Un ""security freeze"" o congelamiento de seguridad en su informe de crédito evita hasta que usted lo levante, que nuevos prestamistas tenga acceso a su expediente de crédito y que otras personas abran cuentas en su nombre. Dado que la mayoría de las empresas no le abrirán nuevas cuentas sin antes revisar su crédito, un congelamiento previene que ladrones de identidad abran nuevas cuentas usando su nombre."
Credit reports and scores,Specialty consumer reporting agencies,1813,Compañías de reportes del consumidor especializados,"Las compañías de informes del consumidor especializados recopilan y comparten información acerca de su historial de empleo, de transacciones con alguna empresa, o de pago con algún producto o servicio específico."
Credit reports and scores,Thin credit file / No credit file,,Historial de crédito corto / sin historial de crédito,"Tener un “thin credit file” o expediente de crédito delgado, o no tener expediente de crédito, significa que una persona no tiene o tiene insuficiente historial crediticio para poder generar un puntaje de crédito. Vea “Invisible al Crédito”."
Debt collection,Credit counselor,1451,Asesoría de crédito,  
Debt collection,Debt collector,330,Cobrador de deudas,"Bajo la Ley de Prácticas Justas en el Cobro de Deudas (FDCPA, por sus siglas en inglés), un cobrador de deudas es por lo general una persona o una compañía que regularmente cobra deudas que se adeudan a otros cuando las mismas se atrasan."
Debt collection,Debt settlement (relief) services ,1457,Servicios de negociación (alivio) de deudas,  
Debt collection,Fair Debt Collection Practices Act (FDCPA),,"Ley de Prácticas Justas en el Cobro de Deudas (FDCPA, por sus siglas en inglés) ","La “Fair Debt Collection Practices Act” (FDCPA) o Ley de Prácticas Justas en el Cobro de Deudas es la ley federal que regula las prácticas de cobro de deudas. La FDCPA prohíbe a las compañías de cobranzas usar prácticas abusivas, injustas o engañosas para cobrarle alguna deuda. Lea m[as acerca de cuáles son sus derechos bajo la FDCPA."
Debt collection,Garnishment,1385,Embargo,Un embargo de salario o de cuenta bancaria tiene lugar cuando un acreedor toma parte de su cheque de pagos o dinero de su cuenta bancaria para cobrar una deuda.
Debt collection,Harassment by a debt collector,,Acoso por un cobrador de deudas,"La Ley de Prácticas Justas en el Cobro de Deudas (FDCPA, por sus siglas en inglés) establece que ningún cobrador de deudas podrá acosarle, oprimirle o abusar ni de usted, ni de ninguna otra persona a quien contacte.$$$$$$$$$$El acoso de un cobrador de deudas se muestra de diferentes formas. Ejemplos de ello son; constantes llamadas cuyo propósito es molestar, abusar o acosar, a usted o a cualquiera que tome el teléfono; el uso de lenguaje obsceno o profano; amenazas de violencia o daño, la publicación de su nombre en listas de personas que se niegan a cancelar sus deudas (esto no incluye reportar información a las compañías de informes de crédito), y llamadas anónimas.  "
Debt collection,Judgment,1381,Fallo o sentencia,"Un fallo judicial es una orden de un tribunal que constituye la sentencia con respecto a una demanda. Si se emite un fallo en su contra, el cobrador de deudas tendrá herramientas más firmes, como un embargo, para cobrar la deuda."
Debt collection,Original creditor,1387,Acreedor original,El acreedor original es la compañía que le concedió el préstamo o crédito.
Debt collection,Statute of limitations,1389,Período o plazo de prescripción,"El “statute of limitations” o plazo de prescripción, es el período limitado de tiempo que tienen acreedores o cobradores, para entablar una demanda para recuperar una deuda."
Fraud and scams,Elder financial exploitation,,Explotación financiera del anciano,"La explotación financiera del anciano es el uso ilegal o impropio de los fondos, propiedades o activos de un adulto mayor. Aunque es la forma más común de abuse al anciano, sólo una pequeña fracción de incidentes son reportados.$$$$$$$$$$Los perpetradores podrían ser extraños que se ganen la confianza de los ancianos, pero también podrían ser sus propios familiares y amigos. Es importante conocer las señales de advertencia. Lea más."
Fraud and scams,Foreclosure relief scam,,Estafa del alivio de foreclosure   (ejecución financiera),"El robo de identidad ocurre cuando alguien roba su información personal para cometer fraude. Robar su identidad puede significar, utilizar sin su permiso, información personal como: Su nombre,$$$$$número de seguro social, información de cuenta bancaria o número de su tarjeta de crédito. La “Federal Trade Commission” o Comisión Federal de Comercio ofrece información acerca de cómo prevenir y responder a un robo de identidad."
Fraud and scams,Fraud alert for prevention,,Alerta de fraude preventiva,"Una alerta de fraude es un recurso que usted puede utilizar para reducir el riesgo de convertirse en víctima del robo de identidad a través de alguna cuenta nueva. Una alerta de fraude obliga a aquellos acreedores que revisen su informe de crédito a tomar medidas adicionales para verificar su identidad, antes de abrir una cuenta nueva, enviar una tarjeta adicional, o aumentar el límite de alguna cuenta ya existente, basándose en una solicitud hecha por un consumidor. Cuando usted coloca una alerta de fraude en su informe de crédito, con alguna de las tres empresas nacionales de informes, ésta debe notificar a las otras dos. $$$$$$$$$$Existen dos tipos principales de alertas de fraude: la inicial y la extendida. Los militares cuentan con una opción adicional; la alerta del servicio activo, la cual les protege mientras estén en servicio activo. Lea más."
Fraud and scams,Fraud by fiduciaries,,Fraude por fiduciarios,"Un fiduciario es una persona que administra el dinero o los bienes de otra persona. Por ejemplo, agentes con poderes legales y guardianes designados por algún tribunal, son fiduciarios.$$$$$$$$$$Cuando usted es designado como fiduciario, la ley le exigirá que administre el dinero y propiedades de esa persona, para su beneficio y no para el suyo propio. Cuando un fiduciario gasta el dinero para su propio beneficio, podría estar cometiendo fraude."
Fraud and scams,Identity theft,,Robo de identidad,"El robo de identidad ocurre cuando alguien roba su información personal para cometer fraude. Robar su identidad puede significar, utilizar sin su permiso, información personal como:$$$$$$$$$$Su nombre$$$$$Su número de seguro social$$$$$El número de su tarjeta de crédito"
Fraud and scams,Imposter scams,,Estafas de impostores,"Los impostores tratan de estafarle al convencerle de enviarles dinero mientras se hacen pasar por alguien que usted conoce y confía, como por ejemplo, un sheriff, algún funcionario del gobierno local, estatal o federal, o alguna organización de caridad. Recuerde, los “caller ID” o identificación de llamada, pueden ser falso. Siempre podría llamar a dicha organización o agencia gubernamental y averiguar si esa persona trabaja allí, antes de enviar dinero."
Fraud and scams,Mail fraud,,fraude postal,"Las cartas fraudulentas que llegan en el correo pueden lucir reales, pero sus promesas son falsas. Una señal de alerta común la dan las cartas que le piden que envíe dinero ahora, para recibir algo de valor más tarde, únicamente después que lo haya hecho."
Fraud and scams,Phishing,,Phishing,"Cuando tartan de hacerle “phishing”, un estafador se hace pasar por algún negocio o persona para engañarle y hacer que le entregue su información personal, como claves, número de tarjetas de crédito, o información de su cuenta bancaria. El estafador podría usar emails, mensajes de texto o páginas web fraudulentos, para robarle esta información. Estos mensajes pueden lucir auténticos. "
Fraud and scams,Security freeze for prevention,,Congelamiento de seguridad preventivo,"Un “security freeze” o congelamiento de seguridad, previene que nuevos acreedores puedan acceder a su expediente de crédito y que otros abran cuentas o soliciten cheques de crédito en su nombre, hasta que usted lo levante. Dado que la mayoría de las empresas no le abrirán nuevas cuentas sin antes revisar su crédito, un congelamiento previene que ladrones de identidad abran nuevas cuentas usando su nombre. Esté consiente que un congelamiento de seguridad no previene que ladrones de identidad puedan tomar cuentas ya existentes."
Fraud and scams,Spoofing,,"""Spoofing"" o falsificación","El “spoofing” es un engaño que ocurre cuando alguien disfraza la información que aparece en su “caller ID” o identificación de llamada. Esto le da a esa persona la habilidad de disfrazar o “spoof” el nombre y/o el número, de forma tal que parezca que llama haciéndose pasar por otra persona, desde una ubicación específica."
Fraud and scams,Wire or money transfer fraud,,Fraude de transferencias de dinero,"Existen estafadores que pueden engañarlo y hacer que les envíe o transfiera dinero y así robarle. Uno de los ejemplos más comunes del fraude con transferencias es el conocido como “granparent scam” o estafa de los abuelos. Ocurre cuando un estafador llama haciéndose pasar por el nieto o amigo de un nieto que está en un país extranjero, se encuentra en algún tipo de problema y por ello necesita que se le envié o transfiera dinero inmediatamente."
Money transfers,ACH,1065,Transferencia ACH,
Money transfers,Remittance transfer,1161,Remesas,  
Money transfers,Remittance transfer provider,1721,Proveedor de remesas,  
Money transfers,Virtual currencies,1893,Monedas virtuales,  
Money transfers,Wire transfer,1163,Transferencia electrónica,  
Mortgages,Ability-to-repay rule,1787,Norma de la capacidad de pago,  
Mortgages,Adjustable Rate Mortgage (ARM),,"Hipoteca de Tasa Ajustable (ARM, siglas en inglés)","Una “adjustable rate mortgage” o hipoteca con tasa de interés ajustable (ARM, siglas en inglés) es un tipo de préstamo en el que la tasa de interés podría subir, o bajar. Muchas ARM comienzan con una tasa de interés inferior a la de una hipoteca con tasa de interés fija. Dicha tasa inicial puede permanecer igual durante meses, un año, o varios años. Cuando este período introductorio se termina, su tasa de interés puede cambiar y la cantidad de su pago seguramente va a subir. Parte de la tasa de interés que usted paga dependerá de un indicador más amplio de tipos de interés, llamado índice. Su pago sube cuando este índice de tasas de interés sube. Cuando las tasas de interés bajan, a veces su pago también puede bajar, pero esto no es igual para todas las ARM. Algunas ARM fijan un límite hasta dónde puede llegar su tasa de interés. Además, algunas ARM también ponen un límite hasta donde puede bajar su tasa de interés. Sepa más sobre cómo funciona y qué tomar en cuenta sobre una ARM."
Mortgages,Amortization,103,Amortización,"Amortización significa pagar un préstamo con pagos regulares, de tal manera que la cantidad que usted debe, disminuye con cada pago. Amortización negativa significa que, incluso cuando usted paga regularmente, la cantidad que usted debe sigue subiendo porque no está pagando lo suficiente para cubrir los intereses."
Mortgages,Amount financed,1923,Monto financiado,  
Mortgages,Appraisal,167,Tasación,  
Mortgages,Automatic payment,,Pago automático,Los pagos automáticos le permiten establecer pagos de hipoteca recurrentes a través de su banco. Los pagos automáticos son una forma conveniente de asegurarse de hacer todos sus pagos a tiempo. 
Mortgages,Balloon payment,104,Pago global,"Un ""balloon payment"" o pago global es un pago único, más grande de lo normal, que se hace al final del plazo del préstamo. Si usted tiene una hipoteca con un pago global, sus pagos pueden ser más bajos en los años anteriores al vencimiento de dicho pago global, pero seguramente tendrá que pagar una gran cantidad al final del préstamo."
Mortgages,Bi-weekly payment,,Pago quincenal,"Con el plan de pago quincenal, el administrador hipotecario cobra la mitad de su pago mensual cada dos semanas, lo cual resulta en 26 pagos a lo largo del año (lo que en total resulta en un pago mensual adicional por año). Al hacer pagos adicionales hacia el capital, usted puede pagar su préstamo antes de tiempo. Antes de seleccionar un pago quincenal, asegúrese de revisar los términos de su préstamo para ver si tendría que pagar una penalidad por prepago. Consulte si el administrador hipotecario cobra algún cargo por el plan de pagos quincenal. Es posible que usted pueda lograr el mismo objetivo sin tener que pagar un cargo, haciendo un pago hipotecario mensual extra todos los años."
Mortgages,Closing disclosure,1983,Divulgación de cierre,  
Mortgages,Construction loan,108,Préstamos a la construcción,  
Mortgages,Conventional loan,117,Préstamo convencional,  
Mortgages,Deed-in-lieu of foreclosure,291,Escritura en lugar de ejecución hipotecaria,Una escritura en lugar de una ejecución hipotecaria (deed-in-lieu of foreclosure) es un arreglo en virtud del cual usted voluntariamente entrega la propiedad de su vivienda al prestamista para evitar el proceso de ejecución hipotecaria.
Mortgages,Delinquent,,Moroso,"“Delinquent” o moroso, es otro término usado para referirse a quien está atrasado con sus pagos. Su préstamo puede convertirse en moroso si usted deja de hacer algún pago o hace un pago parcial en la fecha de vencimiento. Luego que usted esté “delinquent” o moroso por algún tiempo, su prestamista o administrador podría comenzar el proceso de “foreclosure” o ejecución hipotecaria. El período de tiempo puede variar de estado a estado."
Mortgages,Demand feature,1997,Característica de pago inmediato,  
Mortgages,Escrow,140,Cuenta escrow o  de depósito en garantía,  
Mortgages,Federal Housing Administration (FHA) loan,112,Préstamo de la FHA,"La Administración Federal de Vivienda (Federal Housing Administration o FHA) administra un programa de seguros de préstamos para ampliar las oportunidades de obtener vivienda propia. La FHA otorga un seguro hipotecario a los prestamistas aprobados por la FHA para protegerlos contra pérdidas, en caso de que el propietario de la vivienda no cumpla con los pagos del préstamo."
Mortgages,Finance charge,1921,Tarifa de financiamiento,  
Mortgages,Fixed-rate mortgage,,Hipoteca de Tasa Fija,"Una “fixed-rate mortgage” o hipoteca con tasa fija, es un tipo de préstamo en el cual, la tasa de interés es calculada al momento en que usted obtiene el préstamo y la misma nunca cambiará. "
Mortgages,Forbearance,289,Aplazamiento de pagos,"El aplazamiento o reducción de pagos por un tiempo determinado es cuando su administrador hipotecario le permite temporalmente, pagar la hipoteca a una tasa menor, o dejar de pagar la hipoteca."
Mortgages,Force-placed insurance,,Seguro forzoso de propietario de vivienda,"El administrador de su hipoteca podría exigirle tener “forcé-placed insurance” o seguro forzoso de propietario de vivienda, si usted no cuenta con su propia póliza de seguro, o si la póliza que tiene no cumple con los requisitos del administrador. El seguro forzoso, usualmente, protege al prestamista y no a usted. El administrador le cobrará por el seguro. Tener un seguro forzoso siempre será más costoso que encontrar una póliza de seguro propia."
Mortgages,Foreclosure,,Ejecución hipotecaria,"La ejecución hipotecaria ocurre cuando el prestamista recupera la propiedad debido a que el propietario de una vivienda deja de hacer los pagos de una hipoteca. Los procesos de ejecución hipotecaria varían según el estado. Normalmente, si usted se atrasa unos meses con los pagos de su hipoteca, el proceso de ejecución hipotecaria  podría comenzar (aunque no necesariamente). No espere a que comience el proceso de ejecución hipotecaria, busque ayuda tan pronto como piense que podría tener dificultades para pagar su hipoteca. Dependiendo del estado, el proceso de ejecución hipotecaria puede proceder de una de estas maneras: Ejecución hipotecaria judicial. Esto requiere que el proceso pase a través de un tribunal, donde el prestatario puede presentar una defensa. Ejecución hipotecaria no judicial. Esto se hace sin interposición de una demanda judicial y se lleva a cabo mediante una serie de pasos, inclusive avisos escritos bajo una cláusula conocida como ""autoridad de venta"" (power of sale) que consta en la hipoteca o escritura fiduciaria."
Mortgages,Government recording charges,159,Costo de registro gubernamental,  
Mortgages,Higher-priced mortgage loan,1797,Préstamo hipotecario de precio mayor,  
Mortgages,Home equity line of credit (HELOC),,Línea de crédito hipotecario,"Una “home equity line of credit” (HELOC) o línea de crédito hipotecario es una línea de crédito que le permite pedir prestado sobre su capital inmobiliario. El capital es el monto del valor actual de su propiedad, menos el monto de cualquier hipoteca que tenga. A diferencia de los préstamos sobre el capital inmobiliario, las HELOC, usualmente, tienen tasas de interés ajustables. La mayoría de las HELOC le enviarán cheques especiales o una tarjeta de crédito, y usted podrá tomar dinero prestado de ella por un período específico de tiempo, a partir del momento en que abrió la cuenta. Este período de tiempo es conocido como el “draw period” o período de retiro. Durante el período de retiro usted podrá tomar dinero prestado y deberá hacer pagos mínimos. Cuando el “draw period” o período de retiro termina, usted no podrá ya tomar dinero prestado de su línea de crédito. También cuando termine el periodo de retiro, puede que le exijan pagar todo el saldo restante de una sola vez, o puede que le permitan hacerlo durante un cierto período de tiempo. Si usted no puede pagar la HELOC, su prestamista podría ejecutar un “foreclosure” sobre su vivienda. "
Mortgages,Home equity loan,106,Prestamo sobre el valor neto de la vivienda,"Un préstamo sobre el valor neto de la vivienda (a veces conocido como HEL, por sus siglas en inglés) le permite pedir dinero prestado usando el valor neto de su vivienda como garantía."
Mortgages,Homeowner's insurance,162,Seguro de propietario de vivienda,  
Mortgages,HUD-1 settlement statement,178,Declaración de Cierre HUD-1,  
Mortgages,Initial escrow deposit,160,Depósito escrow inicial,  
Mortgages,Interest-only loan ,101,Préstamo de sólo intereses ,  
Mortgages,Jumbo loan,116,Préstamo jumbo,  
Mortgages,Lenders title insurance,163,Seguro de título del prestamista,  
Mortgages,Loan estimate,1995,Estimación de préstamo,  
Mortgages,Loan modification,,Modificación de préstamo ,"La modificación de un préstamo hipotecario es un cambio en los términos del mismo. La modificación es un tipo de mitigación de pérdidas. Una modificación puede reducir sus mensualidades a un monto que usted pueda costear. Las modificaciones pueden implicar una extension del número de años que tiene para pagar el préstamo, una reducción de la tasa de interés, y/o un aplazamiento, o una reducción de su saldo de capital. Si le ofrecen una modificación de préstamo, asegúrese de saber cómo ésta va a cambiar sus pagos mensuales y el monto total que pagará en el corto y largo plazo. "
Mortgages,Loan-to-value ratio,121,Relación préstamo contra valor,  
Mortgages,Loss mitigation,,Mitigación de pérdidas,"La mitigación de pérdidas se refiere a los pasos que los administradores de hipotecas toman para trabajar junto a un prestatario para evitar un “foreclosure” o ejecución hipotecaria. La mitigación de pérdidas también se refiere a la responsabilidad que tiene el administrador de reducir la pérdida que puede experimentar el inversionista proveniente de una ejecución hipotecaria. Ciertas opciones de mitigación de pérdidas podrían ayudarle a permanecer en su vivienda. Otras podrían ayudarle a dejar su vivienda sin tener que pasar por una ejecución. Las opciones de mitigación de pérdidas incluyen al “deed-in-lieu of foreclosure” o escritura por ejecución hipotecaria, “forbearance” o aplazamiento de pagos, un plan de pagos, una “short sale” o venta corta, o una modificación de préstamo.$$$$$$$$$$Si usted tiene dificultades pagando su hipoteca o si le han ofrecido y está considerando alguna opción de mitigación de pérdidas, comuníquese con algún asesor de vivienda, aprobado por el Departamento de Vivienda y Desarrollo Urbano (HUD, por sus siglas en ingles).$$$$$$$$$$Puede usar la herramienta del CFPB, “Encuentre un Asesor”, donde obtendrá una lista de asesores de vivienda, aprobados por el HUD, que estén en su área. También puede llamar a la línea HOPE®, la cual está disponible las veinticuatro horas, los siete días de la semana, al (888) 995-HOPE (4673)."
Mortgages,Mortgage insurance or private mortgage insurance (PMI),122,Seguro de huipoteca privado,"El seguro hipotecario privado, también llamado PMI, es un tipo de seguro hipotecario que le pueden exigir que pague si usted tiene un préstamo convencional. Al igual que otros tipos de seguro hipotecario, el PMI protege al prestamista, y no a usted, si es que deja de hacer los pagos de su préstamo."
Mortgages,Mortgage loan modification,269,Modificación de préstamo hipotecario,Una modificación de préstamo hipotecario es un cambio a los términos de su préstamo. La modificación es un tipo de mitigación de pérdidas.
Mortgages,Owners title insurance,164,Seguro de título del propietario,  
Mortgages,Pace financing,1979,Financiación PACE,  
Mortgages,Payoff amount,205,Monto del saldo restante,La cantidad de su saldo restante es lo que usted tendrá que pagar para cumplir con los términos de su préstamo hipotecario y pagar la deuda por completo. La cantidad de su  saldo restante es diferente a la de su saldo actual.
Mortgages,PCS orders,,"Órdenes de cambio permanente de estación (PCS, siglas en inglés)","Los militares en servicio active pueden recibir órdenes de “permanent change of station” (PCS), o cambio permanente de estación. La orden PCS significa la reubicación oficial de un militar (y cualquier familiar que viva con él o ella) a una estación de servicio diferente. Si posee una vivienda, podría escoger venderla. Si debe más de lo que esté valorada la vivienda, podría tener problemas vendiéndola. Algunos administradores ofrecen programas para que los militares pueden vender sus viviendas, sin tener luego que pagar el resto del saldo de sus préstamos. Para saber más, visite nuestros recursos para militares. "
Mortgages,PITI,152,PITI,  
Mortgages,Prepaid interest charges,161,Cargos por intereses prepagados,  
Mortgages,Prepayment penalty,1957,Penalidad por pago anticipado,"Una penalidad por pago anticipado es un recargo que cobran algunos prestamistas cuando usted paga ya sea una parte o toda su hipoteca con anticipación. Si usted está sujeto a una multa por pago anticipado, usted tendría que haberla aceptado cuando cerró el préstamo hipotecario de su vivienda. No todas las hipotecas tienen una multa por pago anticipado."
Mortgages,Qualified mortgage,1789,Hipoteca calificada,  
Mortgages,Qualified Written Request (QWR),207,Petición calificada por escrito,  
Mortgages,Refinance,,Refinanciamiento,"Refinanciar significa que usted toma un nuevo préstamo para cancelar y reemplazar uno anterior. Usualmente, los propietarios de viviendas refinancian para intentar reducir sus tasas de interés mensuales y sus pagos de hipoteca. Por ejemplo, usted podría obtener una nueva hipoteca, con una tasa de interés menor, cuando las tasas caigan. Cuando usted refinancia, usualmente, tendrá que pagar costos y tarifas de cierre. Tenga en cuenta que si usted refinancia a una tasa de interés menor, pero a un plazo más más largo, podría terminar pagando más por su préstamo. Para evitar esta situación, considere obtener una hipoteca que tenga los mismos, o menos meses, de los que resten en su hipoteca actual."
Mortgages,Repayment plan,,Plan de pagos,"Un plan de pagos es una forma estructurada de reponer los pagos que haya dejado de hacer a su hipoteca, en un determinado período de tiempo. Esto es un tipo de mitigación de pérdidas. Si tiene problemas pagando su hipoteca, el administrador de la misma podría permitirle entrar en un plan de pagos. Antes de hacerlo, asegúrese de entender los requisitos del plan y que podrá hacer los nuevos pagos.  "
Mortgages,Right of rescission,,Derecho de rescición,"El derecho de rescisión se refiere al derecho que tienen los consumidores de cancelar ciertos tipos de préstamos. Si está comprando una vivienda, una vez que los documentos de cierre estén firmados, usted yo no tendrá el derecho a rescindir el préstamo. Sin embargo, si está refinanciando una hipoteca, tendrá hasta la media noche, del tercer día hábil luego de hecha la transacción, para rescindir el contrato de la hipoteca. El conteo de los tres días comienza cuando usted firma el contrato del crédito (usualmente, conocido como “promisory note” o pagaré), usted recibirá una planilla de Divulgación de Veracidad en el Préstamo, y dos copias de una notificación donde se explica su derecho a rescindir."
Mortgages,"Second mortgage or ""junior-lien""",105,"Segunda hipoteca o gravamen ""junior""",  
Mortgages,Security interest,1999,Interés de seguridad,  
Mortgages,Seller financing,111,Financiamiento por el vendedor,  
Mortgages,Servicer,,Administrador de préstamos,"El administrador de su préstamo es la compañía que le envía los estados de cuenta de su hipoteca. El administrador también las tareas del día a día del manejo de su préstamo. Tipicamente, también proceso sus pagos, responde a las preguntas o dudas de los prestamistas, mantiene un seguimiento de los intereses pagados y maneja su cuenta escrow o de depósitos en garantía (si es que usted tiene una). El administrador también podría, bajo ciertas circunstancias, comenzar un proceso de “foreclosure” o ejecución hipotecaria. El administrador podría ser la misma compañía que originalmente le otorgó su préstamo."
Mortgages,Shared appreciation mortgage,270,Apreciación de hipoteca  compartida,  
Mortgages,Short sale,290,Venta en corto,Un cofirmante es una persona que también acepta pagar un préstamo.
Mortgages,Subprime mortgage,110,Hipoteca subprime o de alto riesgo,  
Mortgages,Survey,166,Survey o plano de una propiedad,  
Mortgages,Title service fees,157,Cargos por servicios de títulos,  
Mortgages,Total interest percentage (TIP),2001,Porcentaje de interés total,  
Mortgages,Total of payments,1925,Total de pagos,  
Mortgages,TRID,2011,TRID (español),  
Mortgages,USDA rural housing service loan,114,Préstamo del servicio de vivienda rural del USDA (Departamento de Agricultura),  
Mortgages,VA loan,113,Préstamo de la VA (Veterans Affairs),"El Departamento de Asuntos de Veteranos (VA, por sus siglas en inglés) ofrece programas de préstamos para ayudar a integrantes de las Fuerzas Armadas,  veteranos y sus familias, a comprar una vivienda."
Payday loans,Annual Percentage Rate (APR),1625,Tasa efectiva anual,"La Tasa Efectiva Anual (APR, por sus siglas en inglés) es el precio, incluyendo cualquier tarifa, que usted paga cada año por pedir dinero prestado, expresado en un porcentaje. La APR es una medida más amplia del costo de tomar dinero prestado, ya que refleja no sólo la tasa de interés, sino también los cargos que usted tiene que pagar para obtener el préstamo. Cuanto mayor sea la APR, más tendrá que pagar durante el plazo del préstamo.$$$$$$$$$$La tasa de interés y la APR del préstamo vehicular son dos de las medidas más importantes del precio que usted paga por pedir prestado el dinero. La Ley de Veracidad en Préstamos (TILA, por sus siglas en inglés) exige que los prestamistas le hagan divulgaciones específicas sobre ciertos términos importantes, (inclusive la APR), antes de que usted quede legalmente obligado por el préstamo. Debido a que todos los prestamistas deben proporcionar la APR, usted puede usar la APR para comparar préstamos vehiculares. Sólo asegúrese de que está comparando una APR con una APR y no con las tasas de interés.  Los dos términos no son lo mismo."
Payday loans,Automated Clearing House (ACH) authorization,1569,Autorizción de la cámara de compensación automatizada,
Payday loans,Payday loan,1567,Préstamo del día de pago,  
Prepaid cards,Additional card fee,,Tarifa por emisión de tarjeta adicional,"Algunos emisores de tarjetas prepagadas le permiten obtener una tarjeta adicional para otra persona que usted designe como ""usuario autorizado"" de su tarjeta. Esa tarjeta le permite a otra persona gastar su dinero, por lo que debe pensar cuidadosamente si agrega un usuario autorizado a su cuenta prepagada. Es posible que deba pagar una tarifa por la tarjeta adicional. Cualquier nuevo usuario autorizado deberá registrarse en línea o llamar a servicio al cliente para verificar su identidad."
Prepaid cards,ATM balance inquiry fee,,Tarifa por consulta de saldo en telecajero,  
Prepaid cards,Bill payment fee,,Tarifa por pago de facturas,"Algunas tarjetas prepagadas le permiten inscribirse para pagar sus facturas en línea a través del sitio web del emisor de la tarjeta. Su emisor de tarjeta puede cobrarle una tarifa cada vez que use el programa para pagar una factura. Si va a utilizar su cuenta prepagada para pagar sus facturas, compare estos cargos antes de elegir una tarjeta. Puede que usted también quiera considerar si existen formas menos costosas para pagar sus facturas, como por ejemplo pagarlas directamente al proveedor."
Prepaid cards,Card cancellation fee,,Tarifa por cancelación de tarjeta,"Usted puede cancelar una tarjeta prepagada en cualquier momento. Usualmente, usted no pagará un cargo por cancelar una tarjeta, pero posiblemente deba pagar una tarifa por recibir un cheque con por el saldo restante en dicha tarjeta. Para evitar ese cargo, usted puede gastar o retirar todo el dinero restante en su tarjeta antes de cancelarla."
Prepaid cards,Card replacement fee,,Tarifa por reemplazo de tarjeta,"El emisor de su tarjeta prepagada puede aplicarle un cargo por reemplazar su tarjeta en caso de pérdida, robo o daño."
Prepaid cards,Card-to-card transfer fee,,Tarifa por transferencia tarjeta a tarjeta,"Le pueden cobrar una tarifa si transfiere dinero entre dos tarjetas prepagadas. Esto se llama tarifa de transferencia de tarjeta a tarjeta o de persona a persona. Sin embargo, algunos proveedores de tarjetas le permiten transferir dinero entre tarjetas en línea sin una tarifa."
Prepaid cards,Cash reload fee,,Tarifa por recarga de efectivo,"Una tarifa de recarga de efectivo es un cargo que le cobran por agregar dinero a su tarjeta en una tienda minorista. En general, la tienda minorista cobrará una tarifa por volver a cargar el efectivo. La mayoría de las tarjetas prepagadas ofrecen otras opciones para cargar dinero en su tarjeta, como depósito directo, sin cargo. El depósito directo puede ahorrarle dinero."
Prepaid cards,Closed-loop prepaid card,,Tarjeta prepagada de circuito cerrado,  
Prepaid cards,Decline fee,,Tarifa por tarjeta rechazada,Una tarifa por tarjeta rechazada es un cargo que le cobran si intenta usar su tarjeta para pagar algo que cueste más que la cantidad de dinero que le queda en su tarjeta. Muchas tarjetas prepagadas no cobran tarifas por rechazo de la tarjeta.
Prepaid cards,Flexible spending account (FSA) or health savings account (HAS) card,417,Tarjeta de gasto flexible (FSA) o de ahorros para gastos de salud (HAS),  
Prepaid cards,Foreign transaction fee,,Tarifa por transacción en el extrajero,"Una tarifa por transacción hecha en el extranjero es un cargo que cobra el emisor de la tarjeta cuando usted utiliza su tarjeta prepagada en un país extranjero, o para pagar en moneda extranjera. Este cargo es por lo general un porcentaje de su compra, retiro de dinero, u otra transacción, en lugar de una tarifa plana. A esta tarifa se le conoce también como tarifa por conversión de divisas. No todas las tarjetas prepagadas puede usarse fuera de los Estados Unidos, por lo que es importante que revise su contrato de tarjetahabiente antes de viajar."
Prepaid cards,Government benefit card,409,Tarjeta de beneficios gubernamentales,"Algunas agencias estatales y federales utilizan tarjetas prepagadas para pagar beneficios de desempleo, manutención de menores y otros beneficios gubernamentales. Leyes federales exigen que existan divulgaciones y protecciones en caso de pérdida, robo y errores, para ciertos tipos de cuentas prepagadas de beneficios gubernamentales."
Prepaid cards,In-network/out of network fees,,Tarifas por uso de telecajeros dentro / fuera de la red ,  
Prepaid cards,Inactivity fee,,Tarifa por inactividad,Una tarifa de inactividad es una tarifa que se cobra si no usa su tarjeta por un cierto período de tiempo. El período de tiempo que genera la tarifa de inactividad varía. No todas las tarjetas prepagadas cobran tarifas de inactividad.
Prepaid cards,Monthly fee,,Mensualidad,"Una tarifa mensual es una tarifa fija que usted paga cada mes. Usted paga esta tarifa incluso si no usa su tarjeta. La tarifa se deduce automáticamente del saldo de su cuenta. Algunas tarjetas que cobran una tarifa mensual pueden renunciar a la tarifa en determinadas circunstancias, por ejemplo, si usted arregla para que su sueldo o seguro social se deposite directamente en su cuenta prepagada."
Prepaid cards,Open-loop prepaid card,,Tarjeta prepagada de circuito abierto,"Una tarjeta prepagada “open loop” o de circuito abierto, tiene el logotipo de alguna red. Ejemplos de estas redes son Visa, MasterCard, American Express y Discover. Estas tarjetas pueden ser usadas en cualquier lugar que las acepte. La mayoría de las tarjetas prepagadas son de circuito abierto. Las tarjetas GPR (“General Purpose Reloadable Card” o Tarjeta Recargable Genérica), de nómina y algunas de beneficios del gobierno, son de ciclo abierto, igual que muchos otros tipos de tarjetas prepagadas. Inclusive algunas “gift cards” o tarjetas de regalo, son también de ciclo abierto."
Prepaid cards,Paper statement fee,,Tarifa por estado de cuenta impreso,"Algunas tarjetas prepagadas cobran un cargo si usted solicita los estados de cuenta de su tarjeta prepagada en papel. Es posible que usted pueda obtener en línea y sin ningún costo, su estado de cuenta o al menos una lista de las compras más recientes y otras transacciones hechas con su tarjeta. Las regulaciones impuestas por el CFPB sobre cuentas prepagadas, establecen que usted tiene derecho a recibir información de su cuenta sin pagar ninguna tarifa. El emisor de la tarjeta prepagada debe darle de forma gratuita, información de su saldo por teléfono, historial de transacciones en línea, y si usted así lo solicita, también por correo. En algunos casos, podrían cobrarle una tarifa por el envío de su historial de transacciones impreso, por ejemplo, si usted lo solicita mensualmente o se suscribe para recibir estados de cuenta impresos. "
Prepaid cards,Payroll card,401,Tarjeta de nómina,"Una tarjeta de nómina es un tipo de tarjeta prepagada, manejada por un empleador, con el propósito de pagarle al empleado sus sueldos y salarios.$$$$$"
Prepaid cards,Per purchase fee,,Tarifa por compra,"La tarifa por compra es una que se cobra cada vez que utiliza la tarjeta para ciertos tipos de transacciones, como por ejemplo, compras hechas en tiendas o en línea. Su emisor de tarjeta podría cobrarle tarifas por transacción bajo la modalidad de “Pay-as-you-go” (""Pague según use""). Algunas tarjetas le permiten elegir entre planes que cobran tarifas por transacción y planes con mensualidad."
Prepaid cards,Prepaid Card,379,Tarjeta prepagada,
Prepaid cards,Reload pack,451,Paquete de recarga,  
Prepaid cards,Reloadable prepaid card,,Tarjeta prepagada recargable,"Una “Reloadable prepaid card” o tarjeta prepagada recargable, es una a la que usted puede cargar más dinero. Este tipo de tarjeta es a veces conocido como “General Purpose Reloadable Card” (GPR), o tarjeta recargable genérica. Algunas tarjetas son al principio “non-reloadable” o no recargables, pero pueden recargarse una vez son registradas. Otras son simplemente “non-reloadable” o no recargables, lo que significa que no se puede cargar más dinero en ellas."
Prepaid cards,Text alert service,507,Servicios de alertas de texto,Una suspensión temporal de cobro (forbearance) es el aplazamiento o reducción temporal de los pagos del préstamo estudiantil por un período de tiempo debido a que el prestatario atraviesa dificultades financieras.
Prepaid cards,Transaction fee,,Tarifa de transacción,"Una tarifa de transacción es una tarifa que se cobra cada vez que utiliza la tarjeta para un determinado tipo de transacción. Su emisor de tarjeta puede cobrar tarifas de transacción bajo un plan de ""pago por uso"". Algunas tarjetas le cobran una tarifa mensual en lugar de una tarifa de transacción. Otras tarjetas le permiten elegir entre un plan que cobra tarifas de transacción y otro que cobra una tarifa mensual única."
Reverse mortgages,Good Faith Estimate,146,Estimado de Buena Fe,  
Reverse mortgages,Reverse mortgage,224,Hipoteca inversa,"Una hipoteca inversa es un tipo especial de hipoteca, sólo para propietarios de vivienda que tengan o sean mayores de 62 años.  "
Student loans,Co-signer,565,Cofirmante,$$$$$$$$$$Un cofirmante es otra persona que también asume la responsabilidad de pagar el préstamo.$$$$$$$$$$
Student loans,Co-signer release,,Cofirmante,0
Student loans,Cost of attendance,,Costo por asistencia,"El costo de su educación, incluyendo matrícula y tarifas, vivienda y comidas, libros y materiales, y cualquier otro gasto."
Student loans,Default,,En mora,"En la mayoría de los préstamos estudiantiles federales, usted será declarado en mora si no hace ningún pago en un período de más de 270 días. Los préstamos privados frecuentemente caen en mora tan pronto como usted deje de hacer cuatro mensualidades (120 días). También podría ser declarado en mora si usted se declara en bancarrota. Faltar con sus pagos, o hacerlos tarde, es perjudicial para su historial crediticio y puede dificultarle el manejo de sus deudas. Si tiene problemas para hacer sus pagos, o cree que no podrá hacerlos, comuníquese inmediatamente con su administrador. No espere a que su préstamo caiga en mora. "
Student loans,Deferment,629,Diferimiento,"Un aplazamiento es una pausa temporal para las cuotas de préstamos para estudiantes en situaciones específicas tales como el servicio militar activo y reinscripción en una institución educativa. Puede recibir un aplazamiento de los préstamos federales para estudiantes por ciertos períodos definidos. El Departamento de Educación de EE. UU. (ED, por sus siglas en inglés) ha publicado una lista de las razones por las que puede calificar para un aplazamiento."
Student loans,Direct PLUS loan,553,"Préstamo ""Direct PLUS""",  
Student loans,Discharge due to disability or death,,Descarga de deuda por discapacidad o muerte,"La “discharge” o descarga de deuda le exime de tener que pagar su préstamo y podría estar disponible bajo ciertas ciscunstancias. Con préstamos estudiantiles federales, usted podría “discharge” o descargarlos a través de una “total and permanent disability (TPD) discharge” o descarga por discapacidad total y permanente. En caso de que el prestatario sufra discapacidad total y permanente, el préstamo estudiantil federal frecuentemente, puede ser descargado. Existe un proceso especial para determinar este tipo de discapacidad. El Departamento de Educación (US Department of Education) ha publicado una página web especial con información detallada. Los préstamos estudiantiles federales no son transferibles en caso de muerte. Sus familiares pueden notificar al administrador y entonces los préstamos serán cancelados. A diferencia de los préstamos estudiantiles federales, los préstamos privados no existen requisitos legales para cancelarlos en caso de muerte o discapacidad del prestatario. Los prestamistas privados tienen provisiones especiales para descargar préstamos en ciertos casos. Para mayores detalles, revise los términos y condiciones de su préstamo o contacte a su administrador. "
Student loans,Extended repayment,,Plan extendido de pagos,"El “Extended Repayment Plan” o Plan Extendido de Pago, le permite pagar mensualidades más bajas, por un período más largo de tiempo, que el período estándar de 10 años. Bajo este plan sus mensualidades son: De un monto fijo o graduado (variable), De una duración de hasta 25 años, y Generalmente, menores que los pagos hechos bajo los “Standard and Graduated Repayment Plans” o Planes de Pago Estándares y Graduados. Sin embargo, en el tiempo, usted terminará pagando más bajo estos que bajo un plan estándar de pago de 10 años. "
Student loans,FAFSA®,,"Solicitud Gratuita de Asistencia Federal al Estudiante (FAFSA, siglas en inglés)",  
Student loans,Federal Direct loan,1553,Préstamo directo federal,  
Student loans,Federal student loans,,Prestamos estudiantiles federales,"Los préstamos estudiantiles federales son hechos o garantizados por el Departamento de Educación (US Department of Education). Estos tipos de préstamos incluyen: “Direct Subsidized and Unsubsidized student loans” o préstamos estudiantiles Directos, Subsidiados o No Subsidiados: Estos préstamos también se conocen como “Stafford loans” y pueden ser subsidiados, cuando el gobierno paga los intereses mientras usted esté estudiando, o no subsidiados, cuando usted paga todos los intereses por el plazo del préstamo. “PLUS loans o préstamos PLUS: Existen dos tipos de préstamos PLUS; el “Parent PLUS” o PLUS para Padres, disponible para los padres de estudiantes de pregrado, y el “Grad PLUS”, disponible para estudiantes que persiguen títulos de posgrados. Todos los préstamos PLUS tienen tasas de interés fijas y no son subsidiados. “Perkins loans” o préstamos Perkins: Es un tipo de préstamo estudiantil federal basado en necesidades financieras. Los préstamos Perkins están disponibles para estudiantes de pregrado. Los Perkins son préstamos subsidiados, lo que significa que el gobierno federal, pagará los intereses mientras usted completa sus estudios. Sepa más sobre las diferencias entre los préstamos estudiantiles federales y privados. "
Student loans,Forbearance,631,Aplazamiento,"El aplazamiento o reducción de pagos por un tiempo determinado es cuando su administrador hipotecario le permite temporalmente, pagar la hipoteca a una tasa menor, o dejar de pagar la hipoteca."
Student loans,GI Bill®,,Ley GI,"Los “GI Bill® benefits” o beneficios de la Ley GI, ofrecen beneficios para la educación de militares en servicio y veteranos. Estos fondos cubren; matrícula y tarifas, un subsidio mensual para gastos de subsistencia y un monto anual para la compra de libros. Usted no tiene que pagar los beneficios de la Ley GI.  "
Student loans,Graduated repayment,635,Plan de pago graduado,El plan de pago gradual es una forma de pagar sus préstamos estudiantiles que ayuda a aquellos prestatarios que esperan que sus ingresos aumenten con el tiempo. 
Student loans,Grant,,Donativo,Un donativo es un tipo de asistencia financiera que no tiene que ser pagada.
Student loans,Income-based repayment ,633,Plan de pago basado en ingresos,"Los “Income-Based Repayment”, IBR, son planes de pagos de préstamos estudiantiles federales basados en niveles de ingresos, que ajustan el monto de la mensualidad en función de sus ingresos y el tamaño de su familia."
Student loans,Income-driven repayment,,Planes de pago basados en niveles de ingresos,"Los “Income-Driven Repayment Plans” o Planes de Pago Basados en Niveles de Ingresos, incluyen: Plan “Revised Pay As You Earn (REPAYE)” o Pague Mientras Gane Revisado. Plan Pay As You Earn (REPAYE) o Pague Mientras Gane. Plan “Income-Based Repayment” (IBR) o plan de Pagos Basados en Niveles de Ingresos. Plan “Income-Contingent Repayment” (ICR), o plan de Pagos Basados en Ingresos de Contingencia. Los planes basados en niveles de ingresos ponen un tope al monto de su mensualidad, en cierto porcentaje de sus ingresos discrecionales. Sus pagos pueden cambiar a medida que cambien sus ingresos o el tamaño de su familia. Para mantenerse suscrito a este plan, deberá enviar su información de ingresos y familia cada año. Si usted paga su préstamo usando un plan basado en niveles de ingresos, puede que sea elegible para el perdón del préstamo luego de 20 o 25 años de pagos calificados. Si usted es un empleado público, podría ser elegible tan pronto como, después de 10 años.  "
Student loans,Loan consolidation,,Consolidación de préstamo,"Cuando consolida sus préstamos estudiantiles, usted está, de hecho, tomando un nuevo préstamo. La consolidación le permite combinar varios préstamos estudiantiles, en uno solo, más grande. "
Student loans,National Student Loan Data System (NSLDS),589,Sistema Nacional de Información de Préstamos para Estudiantes (NSLDS),  
Student loans,Pay As You Earn (PAYE),1555,"Plan Pague Mientras Gane (Pay as you Earn, PAYE)",  
Student loans,Perkins loan,551,Préstamo Perkins,  
Student loans,Private or alternative student loans,559,Préstamos estudiantiles privados o alternativos,"Los préstamos estudiantiles privados, también conocidos como préstamos alternativos, son ofrecidos por prestamistas privados con el fin de proveer fondos para pagar por gastos de educación. No forman parte del programa federal de préstamos estudiantiles y generalmente, no tienen términos de pago flexibles, ni las protecciones al prestatario que ofrecen los préstamos federales para estudiantiles."
Student loans,Private student loans,,Préstamos estudiantiles privados,"Los préstamos estudiantiles privados son cualquier préstamo que no sea federal. Estos préstamos son diferentes de los federales. No tienen los mismos términos flexibles de pago o el rango completo de protecciones que ofrecen los préstamos federales. Estos no son, ni financiados, ni subsidiados, por el gobierno federal. Los préstamos estudiantiles privados son financiados por bancos, cooperativas de crédito, programas estatales, u otros tipos de prestamistas. Sepa más sobre las diferencias entre los préstamos estudiantiles federales y privados."
Student loans,Public Service Loan Forgiveness,641,Perdón de préstamo por servicio público,"El “Public Service Loan Forgiveness Program” (PSLF) o  Programa de Perdón de Préstamos por Servicio Público, exime el saldo restante de sus préstamos federales Direct, una vez que usted haya hecho al menos 120 pagos mensuales calificados, bajo un plan de pago calificado, mientras usted trabaje a tiempo completo, para un empleador calificado del sector público."
Student loans,Servicemembers Civil Relief Act (SCRA),,"Ley de Ayuda Civil a Miembros de las Fuerzas Armadas (SCRA, siglas en inglés)","La “Servicemembers Civil Relief Act” (SCRA) o Ley de Ayuda Civil a Miembros de las Fuerzas Armadas, es una ley federal que protege a militares al momento que entran en servicio activo. Si usted se encuentra sirviendo, es elegible para una reducción de tasa de interés al 6% en todos sus préstamos, incluyendo los estudiantiles, obtenidos antes de comenzar el servicio activo. Este beneficio es aplicable tanto a préstamos federales, como privados y está disponible para todos los miembros de las Fuerzas Armadas, sin importar dónde preste servicio. Sepa más sobre cómo obtener una reducción de una tasa de interés a través de la SCRA. "
Student loans,Stafford loan,549,Préstamos Stafford,  
Student loans,Standard repayment,,Plan de pagos estándar,"A menos que usted acuerde un plan de pagos diferente con el administrador de su préstamo, el plan de pagos estándar tiene un calendario de 120 meses (10 años). Los pagos serán de un monto fijo por todo el plazo del préstamo."
Student loans,Student loan servicer,583,Administrador de préstamos estudiantiles,"Los administradores son compañías que; cobran los pagos de un préstamo, responden a las consultas de los clientes y realizan otras tareas administrativas relacionadas con el mantenimiento de un préstamo."
Student loans,Subsidized loan,573,Préstamo subsidiado,"Para todos los préstamos federales estudiantiles con subsidio, el Departamento de Educación subsidia, es decir, paga el interés de su préstamo mientras usted esté estudiando, y durante los períodos de diferimiento de pagos, como por ejemplo, durante el servicio militar."
Student loans,Total loan balance,,Saldo total del préstamo,"Es importante vigilar cuánto dinero está pidiendo prestado para pagar por la universidad. Para averiguar el saldo de sus préstamos estudiantiles federales, debe visitar la página del National Student Loan Data System (NSLDS) o Sistema Nacional de Información de Préstamos Estudiantiles, en la dirección www.nslds.ed.gov. El NSLDS es la base de datos de asistencia al estudiante del Departamento de Educación y le provee de una visión centralizada e integrada, del estado de sus préstamos federales y donativos, de forma tal que usted pueda acceder e indagar sobre ellos. Para averiguar el saldo total de todos sus préstamos privados o revisar su informe de crédito, tendrá que contactar a cada uno de los administradores. Al contrario de los préstamos federales, no hay sólo una página web que contenga toda la información acerca de sus préstamos. Si usted no está seguro de cuáles préstamos privados podría tener, solicite un informe de crédito gratuito en annualcreditreport.com (en inglés). Los prestamistas privados podrían reportar sus préstamos a las compañías de informes de crédito, incluso mientras usted aún se encuentre estudiando o bajo diferimiento de pagos."
Student loans,Tuition repayment plan,563,Plan de pago de matrícula,  
Student loans,Unsubsidized loan,,Préstamo no subsidiado,"En un préstamo no subsidiado , el prestatario es responsable de pagar los intereses, los cuales se acumulan durante el tiempo que éste permanezca estudiando."
Student loans,Work study,,Programa federal Trabaje mientras Estudia,"El programa federal “Work-Study” o Trabaje mientras Estudia, ofrece empleos a tiempo parcial para estudiantes de pre y posgrado que tengan necesidades financieras, permitiéndoles ganar dinero que les ayude a pagar los gastos de su educación."
